key_bits,rounds,size_mb,bytes,repetition,plaintext_sha256,encryption_s,decryption_s,encryption_mb_s,decryption_mb_s,roundtrip_ok,ciphertext_sha256,recovered_sha256
128,10,1.0,1000000,1,402ff50f292e8bf68cb054e9c4a071aeaa2022f826521244a3b04b7682f101c8,0.13358100300001752,0.15113942000004954,7.486094411193101,6.616407552706449,True,a39e0aecc8fef79055f5f1c107e990ce3bfa4132b1396a2d2274fd4d001bcbc4,402ff50f292e8bf68cb054e9c4a071aeaa2022f826521244a3b04b7682f101c8
192,12,1.0,1000000,1,402ff50f292e8bf68cb054e9c4a071aeaa2022f826521244a3b04b7682f101c8,0.17369135800004187,0.17253103699999883,5.757338830868942,5.796058595532622,True,d4816bcadc89605f48ec818d71cef37325e2f2128619ea7bc0cded7209b92be4,402ff50f292e8bf68cb054e9c4a071aeaa2022f826521244a3b04b7682f101c8
256,14,1.0,1000000,1,402ff50f292e8bf68cb054e9c4a071aeaa2022f826521244a3b04b7682f101c8,0.18643300099995486,0.19005720200004816,5.36385722826101,5.261573828703143,True,a68c5cc21037a7199c54c79fad6fded8520d4e5a04d3d3d3296f833e830365ef,402ff50f292e8bf68cb054e9c4a071aeaa2022f826521244a3b04b7682f101c8
192,12,1.0,1000000,2,402ff50f292e8bf68cb054e9c4a071aeaa2022f826521244a3b04b7682f101c8,0.15831929099999797,0.1740403939999169,6.316349660762521,5.7457925543450425,True,d4816bcadc89605f48ec818d71cef37325e2f2128619ea7bc0cded7209b92be4,402ff50f292e8bf68cb054e9c4a071aeaa2022f826521244a3b04b7682f101c8
256,14,1.0,1000000,2,402ff50f292e8bf68cb054e9c4a071aeaa2022f826521244a3b04b7682f101c8,0.1799912010000071,0.2030642860000853,5.555827142905506,4.924548869216618,True,a68c5cc21037a7199c54c79fad6fded8520d4e5a04d3d3d3296f833e830365ef,402ff50f292e8bf68cb054e9c4a071aeaa2022f826521244a3b04b7682f101c8
128,10,1.0,1000000,2,402ff50f292e8bf68cb054e9c4a071aeaa2022f826521244a3b04b7682f101c8,0.13033815599999343,0.14171368200004508,7.672350374513894,7.056481674081984,True,a39e0aecc8fef79055f5f1c107e990ce3bfa4132b1396a2d2274fd4d001bcbc4,402ff50f292e8bf68cb054e9c4a071aeaa2022f826521244a3b04b7682f101c8
256,14,1.0,1000000,3,402ff50f292e8bf68cb054e9c4a071aeaa2022f826521244a3b04b7682f101c8,0.1794797769999832,0.20140869899989866,5.571658360151036,4.965028844163792,True,a68c5cc21037a7199c54c79fad6fded8520d4e5a04d3d3d3296f833e830365ef,402ff50f292e8bf68cb054e9c4a071aeaa2022f826521244a3b04b7682f101c8
128,10,1.0,1000000,3,402ff50f292e8bf68cb054e9c4a071aeaa2022f826521244a3b04b7682f101c8,0.14264083099999425,0.15893437199997607,7.010615354589741,6.291905189647401,True,a39e0aecc8fef79055f5f1c107e990ce3bfa4132b1396a2d2274fd4d001bcbc4,402ff50f292e8bf68cb054e9c4a071aeaa2022f826521244a3b04b7682f101c8
192,12,1.0,1000000,3,402ff50f292e8bf68cb054e9c4a071aeaa2022f826521244a3b04b7682f101c8,0.15992230599999857,0.16884230400000888,6.25303639631115,5.922686295491131,True,d4816bcadc89605f48ec818d71cef37325e2f2128619ea7bc0cded7209b92be4,402ff50f292e8bf68cb054e9c4a071aeaa2022f826521244a3b04b7682f101c8
128,10,10.0,10000000,1,a2f7a73c07c712c4b48f401ae1d63d5cc673ced35bda7f8a6f8e8df824c62dd9,1.4084899959999575,1.4739132899999277,7.099801935689646,6.78465963218263,True,b0ea8d708f8346a2403595baecb8bceab144aaebd7279152c5203c4737fc8ddd,a2f7a73c07c712c4b48f401ae1d63d5cc673ced35bda7f8a6f8e8df824c62dd9
192,12,10.0,10000000,1,a2f7a73c07c712c4b48f401ae1d63d5cc673ced35bda7f8a6f8e8df824c62dd9,1.6350312700000131,1.7209953270000824,6.116090978492369,5.8105910243413,True,75c5eb14ee8dd4849013cf0b40cbe40f6225e31cfe871269682d0670bdd97a58,a2f7a73c07c712c4b48f401ae1d63d5cc673ced35bda7f8a6f8e8df824c62dd9
256,14,10.0,10000000,1,a2f7a73c07c712c4b48f401ae1d63d5cc673ced35bda7f8a6f8e8df824c62dd9,1.8644432899999401,1.933600470999977,5.363531330577676,5.171699195350537,True,69e1ba7c6d63e5c5a08bd7260cefb3fc20f9ad3bd14461818a9a829a010729c3,a2f7a73c07c712c4b48f401ae1d63d5cc673ced35bda7f8a6f8e8df824c62dd9
192,12,10.0,10000000,2,a2f7a73c07c712c4b48f401ae1d63d5cc673ced35bda7f8a6f8e8df824c62dd9,1.6080701419999741,1.7269780450000098,6.2186342117905955,5.790461568954076,True,75c5eb14ee8dd4849013cf0b40cbe40f6225e31cfe871269682d0670bdd97a58,a2f7a73c07c712c4b48f401ae1d63d5cc673ced35bda7f8a6f8e8df824c62dd9
256,14,10.0,10000000,2,a2f7a73c07c712c4b48f401ae1d63d5cc673ced35bda7f8a6f8e8df824c62dd9,1.79940792900004,1.9461142269999527,5.557383536459774,5.138444527696391,True,69e1ba7c6d63e5c5a08bd7260cefb3fc20f9ad3bd14461818a9a829a010729c3,a2f7a73c07c712c4b48f401ae1d63d5cc673ced35bda7f8a6f8e8df824c62dd9
128,10,10.0,10000000,2,a2f7a73c07c712c4b48f401ae1d63d5cc673ced35bda7f8a6f8e8df824c62dd9,1.346477187000005,1.4315592030000062,7.426787543486218,6.985390460306347,True,b0ea8d708f8346a2403595baecb8bceab144aaebd7279152c5203c4737fc8ddd,a2f7a73c07c712c4b48f401ae1d63d5cc673ced35bda7f8a6f8e8df824c62dd9
256,14,10.0,10000000,3,a2f7a73c07c712c4b48f401ae1d63d5cc673ced35bda7f8a6f8e8df824c62dd9,1.8014234909999232,1.9669357399999399,5.551165536566452,5.084050178477262,True,69e1ba7c6d63e5c5a08bd7260cefb3fc20f9ad3bd14461818a9a829a010729c3,a2f7a73c07c712c4b48f401ae1d63d5cc673ced35bda7f8a6f8e8df824c62dd9
128,10,10.0,10000000,3,a2f7a73c07c712c4b48f401ae1d63d5cc673ced35bda7f8a6f8e8df824c62dd9,1.353063055000007,1.4331040680000342,7.390638568577241,6.977860312653695,True,b0ea8d708f8346a2403595baecb8bceab144aaebd7279152c5203c4737fc8ddd,a2f7a73c07c712c4b48f401ae1d63d5cc673ced35bda7f8a6f8e8df824c62dd9
192,12,10.0,10000000,3,a2f7a73c07c712c4b48f401ae1d63d5cc673ced35bda7f8a6f8e8df824c62dd9,1.6080009439999685,1.6967409979999957,6.218901821739351,5.893651424576484,True,75c5eb14ee8dd4849013cf0b40cbe40f6225e31cfe871269682d0670bdd97a58,a2f7a73c07c712c4b48f401ae1d63d5cc673ced35bda7f8a6f8e8df824c62dd9
128,10,100.0,100000000,1,ca3cebfa4cd4a433c4dcfe003243446953be7b614c1c7b1cef7573c555492b5c,13.841162610999959,16.342755660999956,7.224826613952733,6.118919114640998,True,b2d8cc08825d052562d43080b9b1fb55b313999fa74dac7afe10d4fffb6ad389,ca3cebfa4cd4a433c4dcfe003243446953be7b614c1c7b1cef7573c555492b5c
192,12,100.0,100000000,1,ca3cebfa4cd4a433c4dcfe003243446953be7b614c1c7b1cef7573c555492b5c,16.895972382999958,18.94599188399991,5.918570280134688,5.278161239182788,True,8c0509d74e74cf290b5b043eee080315dd2f37ee4db83c3ecfd821952f9d1bff,ca3cebfa4cd4a433c4dcfe003243446953be7b614c1c7b1cef7573c555492b5c
256,14,100.0,100000000,1,ca3cebfa4cd4a433c4dcfe003243446953be7b614c1c7b1cef7573c555492b5c,19.11804981099999,20.817054419999977,5.230659036282184,4.803753594645217,True,1f426df796bd31f160216b2ad242ab392a86761348c3a8db443b89eacd27dcf9,ca3cebfa4cd4a433c4dcfe003243446953be7b614c1c7b1cef7573c555492b5c
192,12,100.0,100000000,2,ca3cebfa4cd4a433c4dcfe003243446953be7b614c1c7b1cef7573c555492b5c,16.561597386000017,18.401598795999917,6.038064908191332,5.43431041555681,True,8c0509d74e74cf290b5b043eee080315dd2f37ee4db83c3ecfd821952f9d1bff,ca3cebfa4cd4a433c4dcfe003243446953be7b614c1c7b1cef7573c555492b5c
256,14,100.0,100000000,2,ca3cebfa4cd4a433c4dcfe003243446953be7b614c1c7b1cef7573c555492b5c,20.586901127000147,21.991354033000107,4.857457632069157,4.547241604584262,True,1f426df796bd31f160216b2ad242ab392a86761348c3a8db443b89eacd27dcf9,ca3cebfa4cd4a433c4dcfe003243446953be7b614c1c7b1cef7573c555492b5c
128,10,100.0,100000000,2,ca3cebfa4cd4a433c4dcfe003243446953be7b614c1c7b1cef7573c555492b5c,16.06038194100006,15.98596467199991,6.226501982789902,6.255487363559249,True,b2d8cc08825d052562d43080b9b1fb55b313999fa74dac7afe10d4fffb6ad389,ca3cebfa4cd4a433c4dcfe003243446953be7b614c1c7b1cef7573c555492b5c
256,14,100.0,100000000,3,ca3cebfa4cd4a433c4dcfe003243446953be7b614c1c7b1cef7573c555492b5c,18.891937195000082,22.764626000999897,5.293263415382615,4.392780272147132,True,1f426df796bd31f160216b2ad242ab392a86761348c3a8db443b89eacd27dcf9,ca3cebfa4cd4a433c4dcfe003243446953be7b614c1c7b1cef7573c555492b5c
128,10,100.0,100000000,3,ca3cebfa4cd4a433c4dcfe003243446953be7b614c1c7b1cef7573c555492b5c,14.062048676999893,16.07946574099992,7.111339343004946,6.21911210302323,True,b2d8cc08825d052562d43080b9b1fb55b313999fa74dac7afe10d4fffb6ad389,ca3cebfa4cd4a433c4dcfe003243446953be7b614c1c7b1cef7573c555492b5c
192,12,100.0,100000000,3,ca3cebfa4cd4a433c4dcfe003243446953be7b614c1c7b1cef7573c555492b5c,16.54441453300001,18.43440535800005,6.0443359781959565,5.42463931208948,True,8c0509d74e74cf290b5b043eee080315dd2f37ee4db83c3ecfd821952f9d1bff,ca3cebfa4cd4a433c4dcfe003243446953be7b614c1c7b1cef7573c555492b5c
